{"acc": 0.8469545610993516, "loss": 0.21135961786394125, "_timestamp": 1727303603.1375885, "_runtime": 6.135505437850952, "_step": 7, "_wandb": {"runtime": 6}}