{"acc": 0.9538792052432311, "loss": 0.11204195247016692, "_timestamp": 1727303502.2130117, "_runtime": 6.408898830413818, "_step": 7, "_wandb": {"runtime": 6}}