{"acc": 0.9616027148139616, "loss": 0.046260588808652, "_timestamp": 1727303001.1264944, "_runtime": 6.066324472427368, "_step": 7, "_wandb": {"runtime": 6}}