{"acc": 0.7427423921348837, "loss": 0.22328958336385554, "_timestamp": 1727303391.8132048, "_runtime": 6.052182674407959, "_step": 7, "_wandb": {"runtime": 6}}