{"acc": 0.8982018933741615, "loss": 0.1090648377860469, "_timestamp": 1727302547.616978, "_runtime": 6.343062877655029, "_step": 7, "_wandb": {"runtime": 6}}